item_id,source_type,source,url,date,user_type,sentiment,primary_theme,secondary_theme,summary,coder
E001,forum_comment,MetaFilter,https://metafilter.com/204476/Threads-hits-175-million-users-after-a-year,2024-07,unknown,negative,FEED_RELEVANCE,,Feed full of exaggerated stories; political posts suppressed,AI-assisted (pending human spot-check)
E002,forum_comment,MetaFilter,https://metafilter.com/204476/Threads-hits-175-million-users-after-a-year,2024-07,unknown,negative,BUGS_PERFORMANCE,,App described as barely functional,AI-assisted (pending human spot-check)
E003,forum_comment,MetaFilter,https://metafilter.com/204476/Threads-hits-175-million-users-after-a-year,2024-07,unknown,positive,PRAISE,,Pleasant experience with little extremist content,AI-assisted (pending human spot-check)
E004,forum_comment,MetaFilter,https://metafilter.com/204476/Threads-hits-175-million-users-after-a-year,2024-07,unknown,mixed,FEED_RELEVANCE,,Algorithm is the main problem; fediverse link could add value,AI-assisted (pending human spot-check)
E005,forum_comment,MetaFilter,https://metafilter.com/204476/Threads-hits-175-million-users-after-a-year,2024-07,unknown,negative,MODERATION,,Banned without explanation; experience feels impermanent,AI-assisted (pending human spot-check)
E006,forum_comment,MetaFilter,https://metafilter.com/204476/Threads-hits-175-million-users-after-a-year,2024-07,unknown,negative,OTHER,,Doubts reported user numbers are real,AI-assisted (pending human spot-check)
E007,forum_comment,MetaFilter,https://metafilter.com/204476/Threads-hits-175-million-users-after-a-year,2024-07,unknown,negative,OTHER,,"Their community is on Bluesky, not Threads",AI-assisted (pending human spot-check)
E008,forum_comment,MetaFilter,https://metafilter.com/204476/Threads-hits-175-million-users-after-a-year,2024-07,unknown,negative,FEED_RELEVANCE,,Feed is clickbait-heavy; few recognizable journalists,AI-assisted (pending human spot-check)
E009,forum_comment,MetaFilter,https://metafilter.com/204476/Threads-hits-175-million-users-after-a-year,2024-07,unknown,positive,PRAISE,,Found interesting people and strong sports communities,AI-assisted (pending human spot-check)
E010,forum_comment,MetaFilter,https://metafilter.com/204476/Threads-hits-175-million-users-after-a-year,2024-07,unknown,negative,OTHER,,Institutions have not adopted Threads the way they use Instagram,AI-assisted (pending human spot-check)
E011,forum_comment,MetaFilter,https://metafilter.com/204476/Threads-hits-175-million-users-after-a-year,2024-07,unknown,negative,PRIVACY,,Avoids Threads because Meta owns it,AI-assisted (pending human spot-check)
E012,forum_comment,MetaFilter,https://metafilter.com/204476/Threads-hits-175-million-users-after-a-year,2024-07,unknown,negative,OTHER,,Prefers alternative microblogging platforms,AI-assisted (pending human spot-check)
E013,forum_comment,MetaFilter,https://metafilter.com/204476/Threads-hits-175-million-users-after-a-year,2024-07,unknown,negative,FEED_RELEVANCE,,Meta's algorithm is bad; quit major platforms,AI-assisted (pending human spot-check)
E014,forum_comment,MetaFilter,https://metafilter.com/204476/Threads-hits-175-million-users-after-a-year,2024-07,unknown,negative,ADS,,Ad load ruins the experience,AI-assisted (pending human spot-check)
E015,forum_comment,MetaFilter,https://metafilter.com/204476/Threads-hits-175-million-users-after-a-year,2024-07,unknown,positive,PRAISE,,Feels like friendly small talk,AI-assisted (pending human spot-check)
E016,forum_comment,MetaFilter,https://metafilter.com/204476/Threads-hits-175-million-users-after-a-year,2024-07,unknown,negative,FEED_RELEVANCE,,Algorithm is reductive; recommendations are embarrassing,AI-assisted (pending human spot-check)
E017,forum_comment,feddit.it (Lemmy),https://feddit.it/post/599379,2023-07,reader,negative,FEED_RELEVANCE,,No option to see only accounts you follow,AI-assisted (pending human spot-check)
E018,forum_comment,feddit.it (Lemmy),https://feddit.it/post/599379,2023-07,reader,negative,FEED_RELEVANCE,,"No chronological, newest-first sort",AI-assisted (pending human spot-check)
E019,forum_comment,feddit.it (Lemmy),https://feddit.it/post/599379,2023-07,reader,negative,FEED_RELEVANCE,,Single algorithmic timeline of the whole network,AI-assisted (pending human spot-check)
E020,forum_comment,feddit.it (Lemmy),https://feddit.it/post/599379,2023-07,unknown,negative,OTHER,,Overall poor experience compared with alternatives,AI-assisted (pending human spot-check)
E021,forum_comment,feddit.it (Lemmy),https://feddit.it/post/599379,2023-07,unknown,negative,PRIVACY,,Refuses Meta products on principle,AI-assisted (pending human spot-check)
E022,forum_comment,feddit.it (Lemmy),https://feddit.it/post/599379,2023-07,unknown,negative,PRIVACY,,Suspects launch was about collecting user data,AI-assisted (pending human spot-check)
E023,forum_comment,feddit.it (Lemmy),https://feddit.it/post/599379,2023-07,unknown,negative,PRIVACY,,Worried Meta will harvest fediverse data,AI-assisted (pending human spot-check)
E024,forum_comment,feddit.it (Lemmy),https://feddit.it/post/599379,2023-07,reader,negative,FEED_RELEVANCE,,Lack of a Following-only feed is a dealbreaker,AI-assisted (pending human spot-check)
E025,forum_comment,feddit.it (Lemmy),https://feddit.it/post/599379,2023-07,unknown,mixed,PRAISE,,Simple app that could improve within months,AI-assisted (pending human spot-check)
E026,forum_post,r/ThreadsApp,https://reddit.sudovanilla.org/r/ThreadsApp,undated,unknown,negative,BUGS_PERFORMANCE,,Cannot log in; persistent error,AI-assisted (pending human spot-check)
E027,forum_post,r/ThreadsApp,https://reddit.sudovanilla.org/r/ThreadsApp,undated,unknown,negative,OTHER,,App generated a post imitating the user's earlier posts,AI-assisted (pending human spot-check)
E028,forum_post,r/ThreadsApp,https://reddit.sudovanilla.org/r/ThreadsApp,undated,unknown,negative,OTHER,,Account shows replies the user never wrote,AI-assisted (pending human spot-check)
E029,forum_post,r/ThreadsApp,https://reddit.sudovanilla.org/r/ThreadsApp,undated,unknown,negative,BUGS_PERFORMANCE,,Reposts show the reply without the original post,AI-assisted (pending human spot-check)
E030,forum_post,r/ThreadsApp,https://reddit.sudovanilla.org/r/ThreadsApp,undated,unknown,negative,INSTAGRAM_LINK,,Instagram bio banner affects Threads profile,AI-assisted (pending human spot-check)
E031,forum_post,r/ThreadsApp,https://reddit.sudovanilla.org/r/ThreadsApp,undated,unknown,negative,BUGS_PERFORMANCE,,Content and profiles fail to load for months,AI-assisted (pending human spot-check)
E032,forum_post,r/ThreadsApp,https://reddit.sudovanilla.org/r/ThreadsApp,undated,unknown,negative,MODERATION,,Banned for spam with no working appeal,AI-assisted (pending human spot-check)
E033,forum_post,r/ThreadsApp,https://reddit.sudovanilla.org/r/ThreadsApp,undated,unknown,negative,INSTAGRAM_LINK,,Profile photo keeps reverting to the Instagram one,AI-assisted (pending human spot-check)
E034,forum_post,r/ThreadsApp,https://reddit.sudovanilla.org/r/ThreadsApp,undated,unknown,negative,BUGS_PERFORMANCE,,Same notification repeats for months,AI-assisted (pending human spot-check)
E035,forum_post,r/ThreadsApp,https://reddit.sudovanilla.org/r/ThreadsApp,undated,unknown,negative,FEED_RELEVANCE,CONVERSATION_QUALITY,Feed turned angry and misleading; wants to reset the algorithm,AI-assisted (pending human spot-check)
E036,forum_post,r/ThreadsApp,https://reddit.sudovanilla.org/r/ThreadsApp,undated,unknown,negative,CONVERSATION_QUALITY,,Drawn into an argument by a rage-bait account,AI-assisted (pending human spot-check)
E037,forum_post,r/ThreadsApp,https://reddit.sudovanilla.org/r/ThreadsApp,undated,unknown,negative,INSTAGRAM_LINK,,Verified profile photo tied to Instagram,AI-assisted (pending human spot-check)
E038,forum_post,r/ThreadsApp,https://reddit.sudovanilla.org/r/ThreadsApp,undated,unknown,negative,BUGS_PERFORMANCE,,Follow request alerts with no actual request,AI-assisted (pending human spot-check)
E039,forum_post,r/ThreadsApp,https://reddit.sudovanilla.org/r/ThreadsApp,undated,unknown,negative,BUGS_PERFORMANCE,INSTAGRAM_LINK,Cannot log in when opening Threads from Instagram,AI-assisted (pending human spot-check)
E040,forum_post,r/ThreadsApp,https://reddit.sudovanilla.org/r/ThreadsApp,undated,unknown,negative,INSTAGRAM_LINK,,Profile link broken by an Instagram age setting,AI-assisted (pending human spot-check)
E041,forum_post,r/ThreadsApp,https://reddit.sudovanilla.org/r/ThreadsApp,undated,unknown,negative,BUGS_PERFORMANCE,,Pin topic always fails,AI-assisted (pending human spot-check)
E042,forum_post,r/ThreadsApp,https://reddit.sudovanilla.org/r/ThreadsApp,undated,unknown,negative,BUGS_PERFORMANCE,,Posts and comments fail to upload,AI-assisted (pending human spot-check)
E043,forum_post,r/ThreadsApp,https://reddit.sudovanilla.org/r/ThreadsApp,undated,unknown,negative,MISSING_FEATURE,,No Threads-specific data download,AI-assisted (pending human spot-check)
E044,forum_post,r/ThreadsApp,https://reddit.sudovanilla.org/r/ThreadsApp,undated,unknown,negative,BUGS_PERFORMANCE,FEED_RELEVANCE,Feed stops refreshing after a few posts,AI-assisted (pending human spot-check)
E045,forum_post,r/ThreadsApp,https://reddit.sudovanilla.org/r/ThreadsApp,undated,unknown,negative,BUGS_PERFORMANCE,,Comments stuck uploading,AI-assisted (pending human spot-check)
E046,forum_post,r/ThreadsApp,https://reddit.sudovanilla.org/r/ThreadsApp,undated,unknown,negative,MODERATION,,"Suspicious-activity warning, unclear if restricted",AI-assisted (pending human spot-check)
E047,forum_post,r/ThreadsApp,https://reddit.sudovanilla.org/r/ThreadsApp,undated,unknown,negative,MODERATION,,"Suspicious-activity pop-up, fears ban",AI-assisted (pending human spot-check)
E048,press_or_blog,eMarketer,https://www.emarketer.com/content/threads-faces-user-backlash-bluesky-seizes-opportunity,2024-10,reader,negative,FEED_RELEVANCE,MODERATION,Users report feeds flooded with engagement bait,AI-assisted (pending human spot-check)
E049,press_or_blog,MediaPost,https://www.mediapost.com/publications/article/400061/threads-has-an-engagement-bait-problem.html,2024-10,reader,negative,FEED_RELEVANCE,CONVERSATION_QUALITY,Algorithm amplifies posts built to provoke angry replies,AI-assisted (pending human spot-check)
E050,press_or_blog,Social Media Today,https://www.socialmediatoday.com/news/threads-will-look-to-reduce-the-presence-of-rage-bait-posts/729131/,2024-10,reader,negative,FEED_RELEVANCE,CONVERSATION_QUALITY,Rage-bait questions draw thousands of replies; Threads says it will demote them,AI-assisted (pending human spot-check)
E051,press_or_blog,Engadget,https://engadget.com/social-media/why-is-threads-recommending-these-weird-spammy-posts-from-people-looking-for-friends-234829584.html,2025-05,reader,negative,FEED_RELEVANCE,,Spammy repeated posts appear in recommendations,AI-assisted (pending human spot-check)
E052,press_or_blog,Social Media Today,https://www.socialmediatoday.com/news/threads-seeks-to-put-more-emphasis-on-followers-to-address-creator-concerns/733644/,2024-11,poster,negative,REACH,FEED_RELEVANCE,Creators struggle to grow because recommendations crowd out followers,AI-assisted (pending human spot-check)
E053,press_or_blog,Neowin,https://www.neowin.net/news/threads-is-finally-fixing-a-major-complaint-about-its-algorithm/,2024,reader,negative,FEED_RELEVANCE,,Feed shows random accounts instead of people users follow,AI-assisted (pending human spot-check)
E054,press_or_blog,Substack (Irma Sophia),https://irmasophia.substack.com/p/why-im-giving-up-threads,2025-01,poster,negative,REACH,,Creator leaving because posts get little real engagement,AI-assisted (pending human spot-check)
E055,press_or_blog,Substack (Kayla),https://postcardsbykayla.substack.com/p/why-is-threads-so-toxic,2025-01,poster,negative,CONVERSATION_QUALITY,FEED_RELEVANCE,Trolls face few consequences; negativity gets more visibility,AI-assisted (pending human spot-check)
E056,press_or_blog,Practical Ecommerce,https://www.practicalecommerce.com/heres-why-im-sticking-with-threads,2023-08,business,mixed,DISCOVERY,,"Staying, but no search or hashtags limits discovery",AI-assisted (pending human spot-check)
E057,press_or_blog,Empowered Social Media Co,https://www.empoweredsocialmediaco.com/blog/threads-app-review,2026-04,business,mixed,REACH,,Calmer than X but engagement is modest and inconsistent,AI-assisted (pending human spot-check)
E058,press_or_blog,Engadget,https://www.engadget.com/social-media/meta-turned-threads-algorithm-complaints-into-an-official-feature-180000236.html,2026-02,reader,negative,FEED_RELEVANCE,,Users complained about recommendations since launch; Dear Algo formalizes it,AI-assisted (pending human spot-check)
E059,forum_comment,AlternativeTo comments,https://alternativeto.net/news/2026/6/threads-hits-500m-users-launches-private-feed-controls-expands-communities-and-live-chats/,2026-06,reader,positive,FEED_RELEVANCE,,Private feed controls called overdue,AI-assisted (pending human spot-check)
E060,forum_comment,AlternativeTo comments,https://alternativeto.net/news/2026/6/threads-hits-500m-users-launches-private-feed-controls-expands-communities-and-live-chats/,2026-06,unknown,negative,OTHER,,Skeptical that 500M users are all real,AI-assisted (pending human spot-check)
